LOCK TABLES `account_server_list` WRITE;
INSERT INTO `account_server_list` VALUES ('ALL_BRANCH_ANDROID_TEST','外网account1',1501,'139.196.41.108','36000'),('ALL_BRANCH_ANDROID_TEST','account_2',1502,'139.196.41.108','36003'),('ALL_BRANCH_EDDITER_TEST','外网account1',1501,'139.196.41.108','36000'),('ALL_BRANCH_EDDITER_TEST','account_2',1502,'139.196.41.108','36003'),('ALL_BRANCH_IOS_TEST','外网account1',1501,'139.196.41.108','36000'),('ALL_BRANCH_IOS_TEST','account_2',1502,'139.196.41.108','36003'),('ALL_TRUNK_ANDROID_TEST','外网account1',1501,'139.196.41.108','36000'),('ALL_TRUNK_ANDROID_TEST','account_2',1502,'139.196.41.108','36003'),('ALL_TRUNK_EDDITER_TEST','外网account1',1501,'139.196.41.108','36000'),('ALL_TRUNK_EDDITER_TEST','account_2',1502,'139.196.41.108','36003'),('ALL_TRUNK_IOS_TEST','外网account1',1501,'139.196.41.108','36000'),('ALL_TRUNK_IOS_TEST','account_2',1502,'139.196.41.108','36003'),('INNER_EDITOR','外网account1',1501,'139.196.41.108','36000'),('INNER_EDITOR','account_2',1502,'139.196.41.108','36003'),('OUT_BRANCH_ANDROID_TEST','外网account1',1501,'139.196.41.108','36103'),('OUT_BRANCH_ANDROID_TEST','account_2',1502,'139.196.41.108','36103'),('OUT_BRANCH_IOS_TEST','外网account1',1501,'139.196.41.108','36103'),('OUT_BRANCH_IOS_TEST','account_2',1502,'139.196.41.108','36103'),('YALI_TEST','外网account1',1501,'47.100.130.174','10000'),('YALI_TEST','account_2',1502,'139.196.41.108','36003');
UNLOCK TABLES;

LOCK TABLES `bbs_info` WRITE;
INSERT INTO `bbs_info` VALUES (1,'ALL_TRUNK_EDDITER_TEST','http://139.196.41.108:8080/sg_bbs/sg_bbs.php'),(14,'ALL_TRUNK_EDDITER_TEST','http://139.196.41.108:8080/sg_bbs/sg_bbs.php'),(15,'ALL_BRANCH_EDDITER_TEST','http://139.196.41.108:8080/sg_bbs/sg_bbs.php'),(16,'ALL_TRUNK_IOS_TEST','http://139.196.41.108:8080/sg_bbs/sg_bbs.php'),(17,'ALL_TRUNK_ANDROID_TEST','http://139.196.41.108:8080/sg_bbs/sg_bbs.php'),(18,'OUT_BRANCH_IOS_TEST','http://139.196.41.108:8080/sg_bbs/sg_bbs.php'),(19,'OUT_BRANCH_ANDROID_TEST','http://139.196.41.108:8080/sg_bbs/sg_bbs.php'),(20,'ALL_BRANCH_IOS_TEST','http://139.196.41.108:8080/sg_bbs/sg_bbs.php'),(21,'ALL_BRANCH_ANDROID_TEST','http://139.196.41.108:8080/sg_bbs/sg_bbs.php'),(22,'INNER_EDITOR','http://139.196.41.108:8080/sg_bbs/sg_bbs.php');
UNLOCK TABLES;

LOCK TABLES `combat_view` WRITE;
INSERT INTO `combat_view` VALUES ('ALL_TRUNK_EDDITER_TEST','http://139.196.41.108:8080/sg_game_combat_logs'),('YALI_TEST','http://139.196.41.108:8080/sg_game_combat_logs'),('ALL_TRUNK_EDDITER_TEST','http://192.168.1.5/sg_game_combat_logs'),('ALL_BRANCH_EDDITER_TEST','http://192.168.1.5/sg_game_combat_logs'),('ALL_TRUNK_IOS_TEST','http://192.168.1.5/sg_game_combat_logs'),('ALL_TRUNK_ANDROID_TEST','http://192.168.1.5/sg_game_combat_logs'),('OUT_BRANCH_IOS_TEST','http://139.196.41.108:8080/sg_game_combat_logs'),('OUT_BRANCH_ANDROID_TEST','http://139.196.41.108:8080/sg_game_combat_logs'),('ALL_BRANCH_IOS_TEST','http://139.196.41.108:8080/sg_game_combat_logs'),('ALL_BRANCH_ANDROID_TEST','http://139.196.41.108:8080/sg_game_combat_logs');
UNLOCK TABLES;

-- LOCK TABLES `compatible_version_info` WRITE;
-- UNLOCK TABLES;

LOCK TABLES `encrypt` WRITE;
INSERT INTO `encrypt` VALUES ('ZTdkNTNmNDE2NTM3MWM0NDFhNTEzNzU1','4rZymEMfa/PpeJ89qY4gyA==');
UNLOCK TABLES;

LOCK TABLES `login_server_list` WRITE;
INSERT INTO `login_server_list` VALUES ('ALL_BRANCH_ANDROID_TEST',12,3,'内网BRANCH1',1),('ALL_BRANCH_ANDROID_TEST',22,3,'外网BRANCH1',1),('ALL_BRANCH_ANDROID_TEST',23,3,'外网BRANCH2',1),('ALL_BRANCH_EDDITER_TEST',12,3,'内网BRANCH1',1),('ALL_BRANCH_EDDITER_TEST',22,3,'外网BRANCH1',1),('ALL_BRANCH_EDDITER_TEST',23,3,'外网BRANCH2',1),('ALL_BRANCH_IOS_TEST',12,3,'内网BRANCH1',1),('ALL_BRANCH_IOS_TEST',22,3,'外网BRANCH1',1),('ALL_BRANCH_IOS_TEST',23,3,'外网BRANCH2',1),('ALL_TRUNK_ANDROID_TEST',11,3,'内网TRUNK',1),('ALL_TRUNK_ANDROID_TEST',13,3,'策划服',1),('ALL_TRUNK_ANDROID_TEST',14,3,'客户端服',1),('ALL_TRUNK_ANDROID_TEST',21,3,'外网TRUNK',1),('ALL_TRUNK_EDDITER_TEST',1,3,'王思源',1),('ALL_TRUNK_EDDITER_TEST',2,3,'赵文学',1),('ALL_TRUNK_EDDITER_TEST',3,3,'王山月',1),('ALL_TRUNK_EDDITER_TEST',4,3,'钱海江',1),('ALL_TRUNK_EDDITER_TEST',7,3,'方剑',1),('ALL_TRUNK_EDDITER_TEST',10,3,'黄杨',1),('ALL_TRUNK_EDDITER_TEST',11,3,'内网TRUNK',1),('ALL_TRUNK_EDDITER_TEST',13,3,'策划服',1),('ALL_TRUNK_EDDITER_TEST',14,3,'客户端服',1),('ALL_TRUNK_EDDITER_TEST',21,3,'外网TRUNK',1),('ALL_TRUNK_IOS_TEST',11,3,'内网TRUNK',1),('ALL_TRUNK_IOS_TEST',13,3,'策划服',1),('ALL_TRUNK_IOS_TEST',14,3,'客户端服',1),('ALL_TRUNK_IOS_TEST',21,3,'外网TRUNK',1),('INNER_EDITOR',1,3,'王思源',1),('INNER_EDITOR',2,3,'赵文学',1),('INNER_EDITOR',3,3,'王山月',1),('INNER_EDITOR',4,3,'钱海江',1),('INNER_EDITOR',7,3,'方剑',1),('INNER_EDITOR',9,2,'姜乐',1),('INNER_EDITOR',10,3,'黄杨',1),('INNER_EDITOR',11,2,'内网服',1),('INNER_EDITOR',12,3,'内网分支服',1),('INNER_EDITOR',13,3,'策划服',1),('INNER_EDITOR',14,3,'客户端服',1),('INNER_EDITOR',21,3,'外网服',1),('INNER_EDITOR',22,3,'外网分支服',1),('INNER_EDITOR',23,3,'外网分支服2',0),('OUT_BRANCH_ANDROID_TEST',24,3,'对外测试服',1),('OUT_BRANCH_IOS_TEST',24,3,'对外测试服',1),('YALI_TEST',1,3,'王思源',1),('YALI_TEST',31,3,'压力测试服',1);
UNLOCK TABLES;

LOCK TABLES `notice_info` WRITE;
INSERT INTO `notice_info` VALUES (1,'INNER_EDITOR','http://139.196.41.108:8080/sg_update/notice.php'),(14,'ALL_TRUNK_EDDITER_TEST','http://139.196.41.108:8080/sg_update/notice.php'),(15,'ALL_BRANCH_EDDITER_TEST','http://139.196.41.108:8080/sg_update/notice.php'),(16,'ALL_TRUNK_IOS_TEST','http://139.196.41.108:8080/sg_update/notice.php'),(17,'ALL_TRUNK_ANDROID_TEST','http://139.196.41.108:8080/sg_update/notice.php'),(18,'OUT_BRANCH_IOS_TEST','http://139.196.41.108:8080/sg_update/notice.php'),(19,'OUT_BRANCH_ANDROID_TEST','http://139.196.41.108:8080/sg_update/notice.php'),(20,'ALL_BRANCH_IOS_TEST','http://139.196.41.108:8080/sg_update/notice.php'),(21,'ALL_BRANCH_ANDROID_TEST','http://139.196.41.108:8080/sg_update/notice.php');
UNLOCK TABLES;

LOCK TABLES `platform_info` WRITE;
INSERT INTO `platform_info` VALUES ('ALL_BRANCH_ANDROID_TEST','ios','ios','1.0.0.60956'),('ALL_BRANCH_EDDITER_TEST','ios','ios','1.0.0.60956'),('ALL_BRANCH_IOS_TEST','android','android','1.0.0.60956'),('ALL_TRUNK_ANDROID_TEST','android','内网安卓测试','1.0.0.60956'),('ALL_TRUNK_EDDITER_TEST','android','android','1.0.0.60956'),('ALL_TRUNK_IOS_TEST','android','android','1.0.0.60956'),('INNER_EDITOR','ios','INNER_EDITOR','1.0.0.60956'),('OUT_BRANCH_ANDROID_JIUYOU','android','android','1.0.0.60956'),('OUT_BRANCH_ANDROID_TEST','ios','ios','1.0.0.60956'),('OUT_BRANCH_IOS_JIUYOU','ios','ios','1.0.0.60956'),('OUT_BRANCH_IOS_TEST','android','android','1.0.0.60956'),('YALI_TEST','ios','ios','1.0.0.60956');
UNLOCK TABLES;

LOCK TABLES `plist_info` WRITE;
INSERT INTO `plist_info` VALUES (1,'INNER_EDITOR','http://139.196.41.108:8080/sg_update/cdn/ios/#VERSION_NO#/AssetBundle/version.txt'),(14,'YALI_TEST','http://139.196.41.108:8080/sg_update/cdn/android/#VERSION_NO#/AssetBundle/version.txt'),(15,'ALL_TRUNK_EDDITER_TEST','http://139.196.41.108:8080/sg_update/cdn/android/#VERSION_NO#/AssetBundle/version.txt'),(16,'ALL_BRANCH_EDDITER_TEST','http://47.100.130.174:8080/sg_update/cdn/ios/#VERSION_NO#/AssetBundle/version.txt'),(17,'ALL_TRUNK_IOS_TEST','http://47.100.130.174:8080/sg_update/cdn/test_ios/#VERSION_NO#/AssetBundle/version.txt'),(18,'ALL_TRUNK_ANDROID_TEST','http://47.100.130.174:8080/sg_update/cdn/test_android/#VERSION_NO#/AssetBundle/version.txt'),(19,'OUT_BRANCH_IOS_TEST','http://47.100.130.174:8080/sg_update/cdn/ios/#VERSION_NO#/AssetBundle/version.txt'),(20,'OUT_BRANCH_ANDROID_TEST','http://47.100.130.174:8080/sg_update/cdn/android/#VERSION_NO#/AssetBundle/version.txt'),(21,'ALL_BRANCH_IOS_TEST','http://47.100.130.174:8080/sg_update/cdn/ios/#VERSION_NO#/AssetBundle/version.txt'),(22,'ALL_BRANCH_ANDROID_TEST','http://47.100.130.174:8080/sg_update/cdn/android/#VERSION_NO#/AssetBundle/version.txt');
UNLOCK TABLES;

LOCK TABLES `res_info` WRITE;
INSERT INTO `res_info` VALUES (1,'INNER_EDITOR','http://139.196.41.108:8080/sg_update/cdn/ios/#VERSION_NO#'),(14,'YALI_TEST','http://139.196.41.108:8080/sg_update/cdn/android/#VERSION_NO#'),(15,'ALL_TRUNK_EDDITER_TEST','http://139.196.41.108:8080/sg_update/cdn/android/#VERSION_NO#'),(16,'ALL_BRANCH_EDDITER_TEST','http://47.100.130.174:8080/sg_update/cdn/android/#VERSION_NO#'),(17,'ALL_TRUNK_IOS_TEST','http://47.100.130.174:8080/sg_update/cdn/test_ios/#VERSION_NO#'),(18,'ALL_TRUNK_ANDROID_TEST','http://47.100.130.174:8080/sg_update/cdn/test_android/#VERSION_NO#'),(19,'OUT_BRANCH_IOS_TEST','http://47.100.130.174:8080/sg_update/cdn/ios/#VERSION_NO#'),(20,'OUT_BRANCH_ANDROID_TEST','http://47.100.130.174:8080/sg_update/cdn/android/#VERSION_NO#'),(21,'ALL_BRANCH_IOS_TEST','http://47.100.130.174:8080/sg_update/cdn/ios/#VERSION_NO#'),(22,'ALL_BRANCH_ANDROID_TEST','http://47.100.130.174:8080/sg_update/cdn/android/#VERSION_NO#');
UNLOCK TABLES;